index_original,index_correto,Data,T1,T2,T3,T4,F1,F2,Empty1,Empty2
0,3600,26/09/2022 21:04:47715400,38.7472,34.77,37.1856,20.0812,237.564755,165,65535,65535
1,3601,26/09/2022 21:04:48698200,38.796,34.4284,37.2344,20.0812,236.639035,166,65535,65535
2,3602,26/09/2022 21:04:49712200,38.8936,34.5992,37.1856,20.0812,235.713315,167,65535,65535
3,3603,26/09/2022 21:04:50695000,38.8936,34.648,37.2344,20.2032,236.639035,166,65535,65535
4,3604,26/09/2022 21:04:51693400,38.8936,34.5992,37.21,20.13,236.639035,166,65535,65535
5,3605,26/09/2022 21:04:52707400,38.8692,34.4528,37.2344,20.2032,237.564755,168,65535,65535
6,3606,26/09/2022 21:04:53690200,38.8692,34.404,37.21,20.0324,237.564755,166,65535,65535
7,3607,26/09/2022 21:04:54704200,38.8692,34.3552,37.21,20.2032,236.639035,166,65535,65535
8,3608,26/09/2022 21:04:55702600,38.8936,34.4528,37.21,20.1056,233.861875,165,65535,65535
9,3609,26/09/2022 21:04:56716600,38.918,34.404,37.2344,20.0812,233.861875,165,65535,65535
10,3610,26/09/2022 21:04:57715000,38.796,34.3064,37.2344,20.0812,235.713315,165,65535,65535
11,3611,26/09/2022 21:04:58713400,38.8936,34.4528,37.21,20.0324,233.861875,166,65535,65535
12,3612,26/09/2022 21:05:05655400,38.8936,35.0384,37.3076,20.0812,192.204475,166,65535,65535
13,3613,26/09/2022 21:05:06685000,38.8936,35.1604,37.3076,20.13,190.353035,167,65535,65535
14,3614,26/09/2022 21:05:07699000,38.8692,35.1848,37.3076,20.1056,194.055915,167,65535,65535
15,3615,26/09/2022 21:05:08666200,38.8936,34.9408,37.332,20.008,191.278755,163,65535,65535
16,3616,26/09/2022 21:05:09680200,38.8936,34.6968,37.332,20.1056,191.278755,167,65535,65535
17,3617,26/09/2022 21:05:10678600,38.8448,34.77,37.332,20.1056,191.278755,167,65535,65535
18,3618,26/09/2022 21:05:11677000,38.8448,34.9164,37.332,20.1544,190.353035,165,65535,65535
19,3619,26/09/2022 21:05:12675400,38.8936,34.5748,37.3076,20.0324,189.427315,165,65535,65535
20,3620,26/09/2022 21:05:13673800,38.8448,34.5992,37.332,20.0324,190.353035,162,65535,65535
21,3621,26/09/2022 21:05:14672200,38.8692,34.77,37.21,20.2032,189.427315,166,65535,65535
22,3622,26/09/2022 21:05:15670600,38.8936,34.6968,37.2344,20.0812,187.575875,162,65535,65535
23,3623,26/09/2022 21:05:16669000,38.8692,34.5992,37.2344,20.0812,189.427315,165,65535,65535
24,3624,26/09/2022 21:05:17683000,38.8936,34.5504,37.2344,20.0324,186.650155,165,65535,65535
25,3625,26/09/2022 21:05:18665800,38.8692,34.77,37.2344,20.008,187.575875,166,65535,65535
26,3626,26/09/2022 21:05:19679800,38.796,34.6968,37.088,20.0812,187.575875,165,65535,65535
27,3627,26/09/2022 21:05:20678200,38.8936,34.5748,37.1368,20.0324,187.575875,168,65535,65535
28,3628,26/09/2022 21:05:26684200,38.8692,35.1116,37.0148,20.2032,162.581435,166,65535,65535
29,3629,26/09/2022 21:05:27682600,38.8692,35.1116,37.1368,20.1056,161.655715,166,65535,65535
30,3630,26/09/2022 21:05:28681000,38.7472,35.0628,37.0148,20.0812,159.804275,167,65535,65535
31,3631,26/09/2022 21:05:29679400,38.796,34.892,37.0148,20.0324,159.804275,167,65535,65535
32,3632,26/09/2022 21:05:30677800,38.8936,34.892,37.0148,20.0812,159.804275,166,65535,65535
33,3633,26/09/2022 21:05:31691800,38.8692,34.7944,37.0148,20.2032,161.655715,166,65535,65535
34,3634,26/09/2022 21:05:32690200,38.8936,34.8188,36.9416,20.2032,159.804275,165,65535,65535
35,3635,26/09/2022 21:05:33673000,38.8936,34.8188,36.9904,20.0324,159.804275,165,65535,65535
36,3636,26/09/2022 21:05:34687000,38.8692,34.892,36.966,20.1056,159.804275,166,65535,65535
37,3637,26/09/2022 21:05:35685400,38.8692,35.1604,36.8684,20.0324,159.804275,165,65535,65535
38,3638,26/09/2022 21:05:36683800,38.8936,34.9164,36.8196,20.1056,157.952835,166,65535,65535
39,3639,26/09/2022 21:05:37682200,38.8448,34.5748,36.8196,20.0324,158.878555,166,65535,65535
40,3640,26/09/2022 21:05:38680600,38.796,34.5992,36.844,20.13,158.878555,167,65535,65535
41,3641,26/09/2022 21:05:39679000,38.796,34.2332,36.722,20.1544,159.804275,167,65535,65535
42,3642,26/09/2022 21:05:40677400,38.796,34.0868,36.7708,20.1544,157.952835,167,65535,65535
43,3643,26/09/2022 21:05:41707000,38.796,34.2332,36.8196,20.0812,157.952835,165,65535,65535
44,3644,26/09/2022 21:05:47681800,38.7716,34.4528,36.722,20.0812,135.735555,166,65535,65535
45,3645,26/09/2022 21:05:48711400,38.796,34.4284,36.6976,20.1056,134.809835,165,65535,65535
46,3646,26/09/2022 21:05:49694200,38.796,34.5748,36.6488,20.1056,132.032675,165,65535,65535
47,3647,26/09/2022 21:05:50692600,38.8448,34.0868,36.6488,20.008,132.032675,166,65535,65535
48,3648,26/09/2022 21:05:51691000,38.8692,33.8916,36.6244,20.13,133.884115,165,65535,65535
49,3649,26/09/2022 21:05:52720600,38.7228,33.8672,36.6,20.1056,131.106955,166,65535,65535
50,3650,26/09/2022 21:05:53703400,38.8448,33.5988,36.5268,20.0812,132.032675,165,65535,65535
51,3651,26/09/2022 21:05:54686200,38.674,33.4768,36.5024,20.0324,130.181235,167,65535,65535
52,3652,26/09/2022 21:05:55700200,38.6496,33.5988,36.5268,20.1056,131.106955,166,65535,65535
53,3653,26/09/2022 21:05:56698600,38.674,34.0624,36.478,20.1056,129.255515,167,65535,65535
54,3654,26/09/2022 21:05:57697000,38.674,34.2332,36.3804,20.1056,130.181235,166,65535,65535
55,3655,26/09/2022 21:05:58695400,38.674,33.8184,36.4048,20.1056,131.106955,167,65535,65535
56,3656,26/09/2022 21:05:59709400,38.7228,33.6476,36.4048,20.0812,130.181235,165,65535,65535
57,3657,26/09/2022 21:06:00707800,38.674,33.5256,36.3804,20.0812,130.181235,163,65535,65535
58,3658,26/09/2022 21:06:01690600,38.6496,33.6476,36.3804,20.008,130.181235,162,65535,65535
59,3659,26/09/2022 21:06:07774600,38.7472,33.3548,36.234,20.0812,104.261075,170,65535,65535
60,3660,26/09/2022 21:06:08788600,38.7228,33.2572,36.1852,20.0812,102.409635,172,65535,65535
61,3661,26/09/2022 21:06:09787000,38.674,32.696,36.1608,20.1056,100.558195,172,65535,65535
62,3662,26/09/2022 21:06:10785400,38.7228,32.33,36.0388,20.008,99.632475,170,65535,65535
63,3663,26/09/2022 21:06:11768200,38.7228,32.5252,36.0632,20.1056,98.706755,168,65535,65535
64,3664,26/09/2022 21:06:12782200,38.6252,32.6228,36.112,20.0812,99.632475,167,65535,65535
65,3665,26/09/2022 21:06:13780600,38.7472,32.2812,36.0388,20.0812,98.706755,168,65535,65535
66,3666,26/09/2022 21:06:14794600,38.674,31.9884,35.8924,20.1544,99.632475,167,65535,65535
67,3667,26/09/2022 21:06:15777400,38.7472,32.1836,35.868,20.0812,100.558195,167,65535,65535
68,3668,26/09/2022 21:06:16775800,38.674,31.72,35.8192,20.0812,99.632475,167,65535,65535
69,3669,26/09/2022 21:06:17774200,38.7716,31.72,35.7216,20.0812,98.706755,166,65535,65535
70,3670,26/09/2022 21:06:18772600,38.7472,31.6956,35.7216,20.0812,99.632475,168,65535,65535
71,3671,26/09/2022 21:06:19771000,38.674,31.5492,35.6972,20.0812,97.781035,167,65535,65535
72,3672,26/09/2022 21:06:25745800,38.674,29.8168,35.4288,20.0812,74.638035,167,65535,65535
73,3673,26/09/2022 21:06:26775400,38.7228,28.8896,35.4288,20.1056,70.935155,167,65535,65535
74,3674,26/09/2022 21:06:27773800,38.674,28.4748,35.4288,20.0812,70.935155,166,65535,65535
75,3675,26/09/2022 21:06:28772200,38.674,27.938,35.2336,20.0812,67.232275,167,65535,65535
76,3676,26/09/2022 21:06:29786200,38.674,27.938,35.2092,20.0324,66.306555,166,65535,65535
77,3677,26/09/2022 21:06:30784600,38.6252,27.938,35.0628,20.0812,65.380835,166,65535,65535
78,3678,26/09/2022 21:06:31767400,38.6496,27.4744,35.0872,20.13,65.380835,165,65535,65535
79,3679,26/09/2022 21:06:32781400,38.6496,27.0596,34.9896,20.13,65.380835,167,65535,65535
80,3680,26/09/2022 21:06:33779800,38.7228,26.9864,34.9408,20.1056,66.306555,167,65535,65535
81,3681,26/09/2022 21:06:34778200,38.674,26.8888,34.9408,20.0812,66.306555,167,65535,65535
82,3682,26/09/2022 21:06:35776600,38.674,26.7668,34.8188,20.0812,66.306555,168,65535,65535
83,3683,26/09/2022 21:06:36790600,38.6252,26.7424,34.6968,20.0812,66.306555,170,65535,65535
84,3684,26/09/2022 21:06:37789000,38.6496,26.6204,34.6236,20.1056,66.306555,168,65535,65535
85,3685,26/09/2022 21:06:43763800,38.6496,26.23,34.2576,20.0812,32.980635,170,65535,65535
86,3686,26/09/2022 21:06:44777800,38.6496,25.6444,34.1112,20.1056,31.129195,168,65535,65535
87,3687,26/09/2022 21:06:45791800,38.674,25.3516,33.9404,20.1056,34.832075,168,65535,65535
88,3688,26/09/2022 21:06:46790200,38.552,25.3516,33.916,20.0812,35.757795,168,65535,65535
89,3689,26/09/2022 21:06:47788600,38.6252,25.6688,33.7452,20.1056,34.832075,168,65535,65535
90,3690,26/09/2022 21:06:48787000,38.552,25.7664,33.55,20.1056,33.906355,168,65535,65535
91,3691,26/09/2022 21:06:49785400,38.6252,25.4004,33.4036,20.13,33.906355,167,65535,65535
92,3692,26/09/2022 21:06:50783800,38.6496,24.1316,33.184,20.0812,33.906355,166,65535,65535
93,3693,26/09/2022 21:06:51782200,38.5764,23.6436,33.062,20.0812,31.129195,167,65535,65535
94,3694,26/09/2022 21:06:52796200,38.552,24.4732,32.7692,20.0812,34.832075,170,65535,65535
95,3695,26/09/2022 21:06:53794600,38.43,24.1072,32.696,20.0812,32.980635,167,65535,65535
96,3696,26/09/2022 21:06:54793000,38.552,23.2044,32.6228,20.008,25.574875,170,65535,65535
97,3697,26/09/2022 21:06:55775800,38.552,22.7164,32.5252,20.1056,26.500595,167,65535,65535
98,3698,26/09/2022 21:06:56774200,38.5032,22.692,32.33,20.0812,26.500595,167,65535,65535
99,3699,26/09/2022 21:06:57788200,38.5276,22.8384,32.1104,20.0812,25.574875,167,65535,65535
100,3700,26/09/2022 21:06:58786600,38.552,22.8384,31.9884,20.0812,29.277755,167,65535,65535
101,3701,26/09/2022 21:06:59800600,38.552,22.8628,31.7932,20.0812,29.277755,170,65535,65535
102,3702,26/09/2022 21:07:00799000,38.43,22.8384,31.6712,20.0812,30.203475,166,65535,65535
103,3703,26/09/2022 21:07:01781800,38.5032,22.6676,31.5736,20.0812,32.980635,165,65535,65535
104,3704,26/09/2022 21:07:02842600,38.43,22.326,31.4272,20.0324,30.203475,166,65535,65535
105,3705,26/09/2022 21:07:03778600,38.43,22.0332,31.232,20.0324,28.352035,166,65535,65535
106,3706,26/09/2022 21:07:04777000,38.43,21.716,31.1832,20.0812,25.574875,162,65535,65535
107,3707,26/09/2022 21:07:05791000,38.43,21.6184,31.0612,20.0324,30.203475,166,65535,65535
108,3708,26/09/2022 21:07:06805000,38.4056,21.3744,30.8172,20.0812,31.129195,167,65535,65535
109,3709,26/09/2022 21:07:07803400,38.3812,21.2768,30.8172,20.0324,26.500595,167,65535,65535
110,3710,26/09/2022 21:07:08770600,38.3812,21.1792,30.622,20.0812,25.574875,167,65535,65535
111,3711,26/09/2022 21:07:09784600,38.43,21.0572,30.5244,20.008,26.500595,168,65535,65535
112,3712,26/09/2022 21:07:10783000,38.43,21.0084,30.4756,20.008,21.871995,168,65535,65535
113,3713,26/09/2022 21:07:11797000,38.4056,20.8864,30.3536,20.0324,23.723435,167,65535,65535
114,3714,26/09/2022 21:07:12795400,38.4544,20.9108,30.256,20.1056,25.574875,167,65535,65535
115,3715,26/09/2022 21:07:13825000,38.3812,20.9108,30.134,20.1056,28.352035,165,65535,65535
116,3716,26/09/2022 21:07:14792200,38.3324,20.9108,29.9876,20.0324,25.574875,167,65535,65535
117,3717,26/09/2022 21:07:15775000,38.2836,20.8864,29.9144,20.0812,28.352035,167,65535,65535
118,3718,26/09/2022 21:07:16773400,38.3324,20.8376,29.8168,20.0812,25.574875,167,65535,65535
119,3719,26/09/2022 21:07:17787400,38.2592,20.8376,29.768,20.1056,29.277755,168,65535,65535
120,3720,26/09/2022 21:07:18785800,38.3812,20.7644,29.6704,20.0812,29.277755,167,65535,65535
121,3721,26/09/2022 21:07:19768600,38.308,20.7888,29.6216,20.1056,30.203475,167,65535,65535
122,3722,26/09/2022 21:07:20798200,38.3324,20.7888,29.524,20.1056,32.980635,166,65535,65535
123,3723,26/09/2022 21:07:21796600,38.3812,20.6668,29.4508,20.0812,33.906355,166,65535,65535
124,3724,26/09/2022 21:07:22779400,38.3812,20.7156,29.3288,20.0812,32.980635,168,65535,65535
125,3725,26/09/2022 21:07:23777800,38.308,20.7156,29.3288,20.0812,30.203475,168,65535,65535
126,3726,26/09/2022 21:07:24776200,38.3324,20.7156,29.2312,20.0812,25.574875,167,65535,65535
127,3727,26/09/2022 21:07:25774600,38.3324,20.7156,29.2068,20.1056,30.203475,167,65535,65535
128,3728,26/09/2022 21:07:26788600,38.308,20.6668,29.0604,20.1056,34.832075,167,65535,65535
129,3729,26/09/2022 21:07:27802600,38.3324,20.7156,28.9872,20.0812,32.980635,166,65535,65535
130,3730,26/09/2022 21:07:28801000,38.2104,20.7156,28.8408,20.0812,28.352035,166,65535,65535
131,3731,26/09/2022 21:07:29783800,38.308,20.7156,28.8164,20.0812,21.871995,165,65535,65535
132,3732,26/09/2022 21:07:30782200,38.2836,20.6668,28.8164,20.0812,23.723435,166,65535,65535
133,3733,26/09/2022 21:07:31780600,38.308,20.6668,28.792,19.9836,24.649155,163,65535,65535
134,3734,26/09/2022 21:07:32794600,38.2104,20.7156,28.6944,20.0812,28.352035,161,65535,65535
135,3735,26/09/2022 21:07:33777400,38.186,20.7156,28.6456,20.13,28.352035,167,65535,65535
136,3736,26/09/2022 21:07:34807000,38.1616,20.6424,28.6456,20.0324,28.352035,165,65535,65535
137,3737,26/09/2022 21:07:35789800,38.186,20.5936,28.5724,20.0324,26.500595,167,65535,65535
138,3738,26/09/2022 21:07:36788200,38.2104,20.6912,28.5236,20.0324,26.500595,167,65535,65535
139,3739,26/09/2022 21:07:37786600,38.0884,20.5448,28.5236,20.1056,26.500595,168,65535,65535
140,3740,26/09/2022 21:07:38785000,38.064,20.5692,28.4748,20.0324,28.352035,170,65535,65535
141,3741,26/09/2022 21:07:39799000,38.0884,20.6668,28.3772,20.1056,30.203475,167,65535,65535
142,3742,26/09/2022 21:07:40750600,38.0884,20.6668,28.3772,20.1056,31.129195,166,65535,65535
143,3743,26/09/2022 21:07:41795800,38.0884,20.6668,28.3528,20.0812,32.980635,166,65535,65535
144,3744,26/09/2022 21:07:42794200,38.064,20.5448,28.3284,20.0812,31.129195,167,65535,65535
145,3745,26/09/2022 21:07:43777000,38.064,20.5692,28.1576,20.0324,29.277755,167,65535,65535
146,3746,26/09/2022 21:07:44791000,38.0152,20.5204,28.1332,20.0324,28.352035,166,65535,65535
147,3747,26/09/2022 21:07:45773800,38.0396,20.5448,28.1576,20.0812,29.277755,167,65535,65535
148,3748,26/09/2022 21:07:54681400,37.9176,23.1556,28.3772,20.0812,12.614795,201,65535,65535
149,3749,26/09/2022 21:07:55695400,37.8444,23.1312,28.3528,20.0812,15.391955,402,65535,65535
150,3750,26/09/2022 21:07:56693800,38.0152,22.7896,27.2304,20.0324,11.689075,574,65535,65535
151,3751,26/09/2022 21:07:57707800,38.0152,22.4724,26.3764,19.9836,15.391955,678,65535,65535
152,3752,26/09/2022 21:07:58706200,38.0152,22.1308,25.5468,19.9836,11.689075,734,65535,65535
153,3753,26/09/2022 21:07:59704600,38.0152,22.1064,24.9124,19.9104,10.763355,747,65535,65535
154,3754,26/09/2022 21:08:00687400,37.9664,22.3504,24.3756,19.9836,11.689075,648,65535,65535
155,3755,26/09/2022 21:08:01701400,37.82,22.5456,24.278,19.9836,11.689075,556,65535,65535
156,3756,26/09/2022 21:08:02699800,37.8444,22.7164,24.0828,19.9592,10.763355,499,65535,65535
157,3757,26/09/2022 21:08:03698200,37.82,22.7164,23.9852,20.008,10.763355,471,65535,65535
158,3758,26/09/2022 21:08:04696600,37.82,22.5944,23.8876,19.9836,7.986195,458,65535,65535
159,3759,26/09/2022 21:08:05710600,37.8444,22.5456,23.79,19.9104,6.134755,451,65535,65535
160,3760,26/09/2022 21:08:06693400,37.8444,22.4724,23.6192,20.008,10.763355,445,65535,65535
161,3761,26/09/2022 21:08:07691800,37.8932,22.4724,23.4972,19.9836,9.837635,371,65535,65535
162,3762,26/09/2022 21:08:08705800,37.82,22.4724,23.424,19.9836,10.763355,237,65535,65535
163,3763,26/09/2022 21:08:09688600,37.8444,22.4968,23.4484,20.008,9.837635,128,65535,65535
164,3764,26/09/2022 21:08:10687000,37.8444,22.5456,23.4972,19.9104,10.763355,65,65535,65535
165,3765,26/09/2022 21:08:11701000,37.7468,22.4968,23.5704,20.008,7.986195,32,65535,65535
166,3766,26/09/2022 21:08:12683800,37.8444,22.3748,23.5704,20.008,11.689075,103,65535,65535
167,3767,26/09/2022 21:08:13682200,37.82,22.2284,23.546,20.008,10.763355,197,65535,65535
168,3768,26/09/2022 21:08:14696200,37.7956,22.082,23.6192,19.9104,11.689075,265,65535,65535
169,3769,26/09/2022 21:08:15694600,37.7468,22.082,23.546,19.886,10.763355,297,65535,65535
170,3770,26/09/2022 21:08:16708600,37.7224,21.8868,23.4972,20.008,10.763355,316,65535,65535
171,3771,26/09/2022 21:08:17707000,37.7468,21.7404,23.424,20.008,10.763355,325,65535,65535
172,3772,26/09/2022 21:08:18705400,37.7468,21.716,23.302,19.9836,10.763355,329,65535,65535
173,3773,26/09/2022 21:08:19703800,37.698,21.5452,23.2044,20.008,10.763355,327,65535,65535
174,3774,26/09/2022 21:08:20702200,37.7468,21.4964,22.9604,19.9592,11.689075,329,65535,65535
175,3775,26/09/2022 21:08:21700600,37.7224,21.35,22.9604,19.9104,10.763355,326,65535,65535
176,3776,26/09/2022 21:08:22699000,37.7224,21.3744,22.8384,19.9592,7.986195,327,65535,65535
177,3777,26/09/2022 21:08:23697400,37.7956,21.2524,22.7896,19.9104,10.763355,326,65535,65535
178,3778,26/09/2022 21:08:24695800,37.6736,21.2036,22.6676,20.008,10.763355,281,65535,65535
179,3779,26/09/2022 21:08:25709800,37.576,21.0816,22.7896,20.008,11.689075,234,65535,65535
180,3780,26/09/2022 21:08:26708200,37.576,21.0084,22.6676,20.008,10.763355,202,65535,65535
181,3781,26/09/2022 21:08:27706600,37.576,21.0572,22.5456,19.9836,10.763355,186,65535,65535
182,3782,26/09/2022 21:08:28705000,37.576,20.8864,22.57,20.0324,9.837635,177,65535,65535
183,3783,26/09/2022 21:08:29703400,37.576,20.8864,22.6676,20.1056,9.837635,172,65535,65535
184,3784,26/09/2022 21:08:30717400,37.576,20.7888,22.7896,20.1056,10.763355,173,65535,65535
185,3785,26/09/2022 21:08:31700200,37.576,20.7156,22.7896,19.9592,10.763355,171,65535,65535
186,3786,26/09/2022 21:08:32714200,37.5028,20.5936,22.7896,19.9836,10.763355,231,65535,65535
187,3787,26/09/2022 21:08:33681400,37.576,20.5692,22.7896,19.9836,11.689075,359,65535,65535
188,3788,26/09/2022 21:08:34695400,37.5516,20.5448,22.448,20.008,10.763355,458,65535,65535
189,3789,26/09/2022 21:08:35693800,37.4784,20.5448,22.326,19.9592,14.466235,499,65535,65535
190,3790,26/09/2022 21:08:36692200,37.5516,20.4472,22.1552,20.008,9.837635,431,65535,65535
191,3791,26/09/2022 21:08:37721800,37.5516,20.4472,22.082,19.886,10.763355,359,65535,65535
192,3792,26/09/2022 21:08:38704600,37.4784,20.4228,22.082,20.008,10.763355,314,65535,65535
193,3793,26/09/2022 21:08:39703000,37.5516,20.4228,21.9844,20.008,7.060475,289,65535,65535
194,3794,26/09/2022 21:08:40701400,37.454,20.4228,21.96,19.9836,10.763355,276,65535,65535
195,3795,26/09/2022 21:08:41699800,37.454,20.252,21.9844,19.8372,10.763355,270,65535,65535
196,3796,26/09/2022 21:08:42698200,37.454,20.3008,21.9844,19.9836,10.763355,264,65535,65535
197,3797,26/09/2022 21:08:43696600,37.454,20.2032,21.96,20.008,10.763355,265,65535,65535
198,3798,26/09/2022 21:08:44695000,37.454,20.2276,22.082,19.9836,9.837635,264,65535,65535
199,3799,26/09/2022 21:08:45677800,37.4784,20.2032,22.0332,20.008,9.837635,265,65535,65535
200,3800,26/09/2022 21:08:46691800,37.454,20.2032,21.9844,20.008,11.689075,265,65535,65535
201,3801,26/09/2022 21:08:47690200,37.454,20.1056,21.9844,19.9836,9.837635,265,65535,65535
202,3802,26/09/2022 21:08:48704200,37.5028,20.1056,21.9112,19.9836,10.763355,264,65535,65535
203,3803,26/09/2022 21:08:55006600,37.21,20.0812,21.9112,19.9104,16.317675,261,65535,65535
204,3804,26/09/2022 21:08:56051800,37.21,20.0812,22.0088,19.886,16.317675,262,65535,65535
205,3805,26/09/2022 21:08:57034600,37.2344,20.1056,21.9844,19.9104,17.243395,261,65535,65535
206,3806,26/09/2022 21:08:58033000,37.2344,20.0812,21.9112,19.9104,16.317675,260,65535,65535
207,3807,26/09/2022 21:08:59047000,37.21,20.0812,22.0088,19.886,15.391955,262,65535,65535
208,3808,26/09/2022 21:09:00029800,37.2344,20.0812,22.1308,19.8616,16.317675,262,65535,65535
209,3809,26/09/2022 21:09:01028200,37.1856,20.0812,22.1064,19.8372,17.243395,261,65535,65535
210,3810,26/09/2022 21:09:02042200,37.1368,20.13,22.1552,20.008,20.020555,264,65535,65535
211,3811,26/09/2022 21:09:03056200,37.1856,20.0568,22.1552,19.9104,15.391955,264,65535,65535
212,3812,26/09/2022 21:09:04039000,37.21,20.0812,22.3016,19.9104,17.243395,264,65535,65535
213,3813,26/09/2022 21:09:05037400,37.21,20.0812,22.3016,19.9104,19.094835,264,65535,65535
214,3814,26/09/2022 21:09:06020200,37.2344,20.13,22.3016,19.9104,19.094835,264,65535,65535
215,3815,26/09/2022 21:09:07018600,37.2344,20.0812,22.2284,19.886,17.243395,265,65535,65535
216,3816,26/09/2022 21:09:08048200,37.1856,20.13,22.3016,19.8372,17.243395,259,65535,65535
217,3817,26/09/2022 21:09:09031000,37.2344,20.13,22.326,19.9104,16.317675,260,65535,65535
218,3818,26/09/2022 21:09:10045000,37.1368,20.1056,22.3504,19.9104,16.317675,261,65535,65535
219,3819,26/09/2022 21:09:11043400,37.1368,20.0812,22.326,19.9836,16.317675,261,65535,65535
220,3820,26/09/2022 21:09:12041800,37.1856,20.0568,22.3748,19.9104,16.317675,261,65535,65535
221,3821,26/09/2022 21:09:13055800,37.1368,20.0812,22.2528,19.9104,16.317675,262,65535,65535
222,3822,26/09/2022 21:09:14023000,37.1368,20.0812,22.4236,19.9592,17.243395,262,65535,65535
223,3823,26/09/2022 21:09:15037000,37.1368,20.0812,22.326,19.9592,19.094835,260,65535,65535
224,3824,26/09/2022 21:09:16035400,37.1124,20.1056,22.4236,19.9104,19.094835,260,65535,65535
225,3825,26/09/2022 21:09:17033800,37.1856,20.0812,22.4236,20.008,17.243395,262,65535,65535
226,3826,26/09/2022 21:09:18047800,37.1368,20.0812,22.4236,19.9104,19.094835,262,65535,65535
227,3827,26/09/2022 21:09:19046200,37.1368,20.0812,22.448,19.8616,19.094835,261,65535,65535
228,3828,26/09/2022 21:09:20060200,37.1368,20.0568,22.3748,19.9104,19.094835,265,65535,65535
229,3829,26/09/2022 21:09:21043000,37.1368,20.0568,22.4236,19.9104,17.243395,264,65535,65535
230,3830,26/09/2022 21:09:22025800,37.1124,20.0568,22.4236,19.886,17.243395,266,65535,65535
231,3831,26/09/2022 21:09:22993000,37.1124,20.008,22.4236,19.9104,16.317675,265,65535,65535
232,3832,26/09/2022 21:09:24038200,37.1368,19.9836,22.448,19.9104,16.317675,262,65535,65535
233,3833,26/09/2022 21:09:25021000,37.1368,19.9592,22.4724,19.9104,15.391955,262,65535,65535
234,3834,26/09/2022 21:09:26081800,37.1368,20.0568,22.448,19.8616,16.317675,261,65535,65535
235,3835,26/09/2022 21:09:27064600,37.088,20.0568,22.4236,19.9104,16.317675,264,65535,65535
236,3836,26/09/2022 21:09:28047400,37.1124,19.9592,22.4236,19.9104,17.243395,262,65535,65535
237,3837,26/09/2022 21:09:34287400,37.088,20.0568,22.7408,19.9592,57.975075,262,65535,65535
238,3838,26/09/2022 21:09:35301400,37.088,20.1056,23.1312,19.9592,60.752235,265,65535,65535
239,3839,26/09/2022 21:09:36315400,37.088,20.1056,23.4972,20.008,61.677955,264,65535,65535
240,3840,26/09/2022 21:09:37313800,37.0636,20.2276,23.6192,19.9104,57.975075,264,65535,65535
241,3841,26/09/2022 21:09:38296600,36.8684,20.2276,23.9608,19.8616,60.752235,261,65535,65535
242,3842,26/09/2022 21:09:39310600,36.8928,20.2032,24.2536,19.9592,61.677955,262,65535,65535
243,3843,26/09/2022 21:09:40309000,36.9172,20.3008,24.6684,19.9104,60.752235,262,65535,65535
244,3844,26/09/2022 21:09:41307400,36.8928,20.4228,24.7904,19.9104,60.752235,264,65535,65535
245,3845,26/09/2022 21:09:42290200,36.8928,20.5448,25.0588,19.8616,60.752235,262,65535,65535
246,3846,26/09/2022 21:09:43288600,36.8684,20.6912,25.2784,19.8616,62.603675,265,65535,65535
247,3847,26/09/2022 21:09:44287000,36.7952,20.7644,25.4492,19.9104,62.603675,265,65535,65535
248,3848,26/09/2022 21:09:45301000,36.7952,21.0328,25.6688,19.9104,61.677955,265,65535,65535
249,3849,26/09/2022 21:09:46315000,36.7464,21.0816,25.7664,19.9104,60.752235,266,65535,65535
250,3850,26/09/2022 21:09:47329000,36.7952,21.2036,25.9128,19.886,61.677955,266,65535,65535
251,3851,26/09/2022 21:09:48311800,36.7952,21.4232,26.0348,19.9104,58.900795,262,65535,65535
252,3852,26/09/2022 21:09:49294600,36.9172,21.5452,26.2056,19.9104,61.677955,264,65535,65535
253,3853,26/09/2022 21:09:50308600,36.9172,21.6184,26.352,19.9104,60.752235,264,65535,65535
254,3854,26/09/2022 21:09:51322600,36.9172,21.8624,26.4496,19.9104,62.603675,262,65535,65535
255,3855,26/09/2022 21:09:52305400,37.0636,21.8624,26.596,19.9104,60.752235,262,65535,65535
256,3856,26/09/2022 21:09:53303800,37.1368,21.8624,26.6936,20.008,61.677955,262,65535,65535
257,3857,26/09/2022 21:09:54333400,37.21,22.1308,26.8644,20.008,58.900795,260,65535,65535
258,3858,26/09/2022 21:09:55285000,37.2344,22.204,26.84,19.9104,60.752235,261,65535,65535
259,3859,26/09/2022 21:09:56330200,37.3808,22.2284,26.9864,19.9104,62.603675,266,65535,65535
260,3860,26/09/2022 21:09:57297400,37.454,22.3748,27.0352,19.9836,62.603675,264,65535,65535
261,3861,26/09/2022 21:09:58311400,37.576,22.4724,27.2304,19.9104,60.752235,264,65535,65535
262,3862,26/09/2022 21:09:59325400,37.6736,22.57,27.206,19.9104,61.677955,262,65535,65535
263,3863,26/09/2022 21:10:00323800,37.7468,22.5456,27.328,19.9104,60.752235,265,65535,65535
264,3864,26/09/2022 21:10:01291000,37.7224,22.692,27.4988,19.9104,62.603675,265,65535,65535
265,3865,26/09/2022 21:10:02289400,37.7468,22.7896,27.5476,19.9104,62.603675,265,65535,65535
266,3866,26/09/2022 21:10:03287800,37.7468,22.7896,27.4988,19.9104,65.380835,265,65535,65535
267,3867,26/09/2022 21:10:04301800,37.9176,22.8384,27.6696,19.9104,63.529395,264,65535,65535
268,3868,26/09/2022 21:10:05315800,38.0152,22.936,27.7916,19.9104,62.603675,269,65535,65535
269,3869,26/09/2022 21:10:06314200,38.0396,22.9116,27.7672,19.886,62.603675,266,65535,65535
270,3870,26/09/2022 21:10:07312600,38.0396,22.9604,27.7428,19.886,61.677955,265,65535,65535
271,3871,26/09/2022 21:10:08311000,38.0884,22.9604,27.8648,19.886,61.677955,265,65535,65535
272,3872,26/09/2022 21:10:09309400,38.064,23.1556,27.938,19.9592,61.677955,265,65535,65535
273,3873,26/09/2022 21:10:10292200,38.0884,23.1556,28.0112,19.9104,60.752235,265,65535,65535
274,3874,26/09/2022 21:10:11290600,38.2104,23.18,28.0844,19.9104,60.752235,264,65535,65535
275,3875,26/09/2022 21:10:12289000,38.2104,23.2776,28.2308,19.8616,60.752235,264,65535,65535
276,3876,26/09/2022 21:10:13318600,38.2592,23.2044,28.2308,19.886,61.677955,262,65535,65535
277,3877,26/09/2022 21:10:14301400,38.2592,23.3264,28.2552,19.9104,62.603675,261,65535,65535
278,3878,26/09/2022 21:10:15315400,38.2592,23.3264,28.3528,19.9104,61.677955,264,65535,65535
279,3879,26/09/2022 21:10:16298200,38.308,23.3264,28.3772,19.9104,61.677955,264,65535,65535
280,3880,26/09/2022 21:10:17374600,38.4056,23.424,28.4016,19.9104,62.603675,265,65535,65535
281,3881,26/09/2022 21:10:18310600,38.3812,23.4484,28.4748,19.9104,61.677955,265,65535,65535
282,3882,26/09/2022 21:10:19340200,38.3812,23.4484,28.4992,19.886,60.752235,264,65535,65535
283,3883,26/09/2022 21:10:20291800,38.2836,23.4972,28.5236,19.886,60.752235,262,65535,65535
284,3884,26/09/2022 21:10:21290200,38.186,23.4484,28.5236,19.9104,60.752235,264,65535,65535
285,3885,26/09/2022 21:10:22304200,38.308,23.546,28.5236,19.886,61.677955,262,65535,65535
286,3886,26/09/2022 21:10:23318200,38.308,23.546,28.6456,19.8616,57.975075,262,65535,65535
287,3887,26/09/2022 21:10:24316600,38.3812,23.546,28.6456,19.8372,62.603675,264,65535,65535
288,3888,26/09/2022 21:10:25315000,38.4056,23.546,28.7188,19.886,61.677955,264,65535,65535
289,3889,26/09/2022 21:10:26313400,38.4056,23.6924,28.6944,19.9104,62.603675,265,65535,65535
290,3890,26/09/2022 21:10:27311800,38.43,23.5704,28.5968,19.8616,60.752235,264,65535,65535
291,3891,26/09/2022 21:10:28279000,38.43,23.6192,28.8408,19.9104,60.752235,264,65535,65535
292,3892,26/09/2022 21:10:29293000,38.43,23.6924,28.8164,19.9104,60.752235,264,65535,65535
293,3893,26/09/2022 21:10:36313000,38.43,24.4488,29.0848,19.9104,99.632475,262,65535,65535
294,3894,26/09/2022 21:10:37342600,38.4056,24.644,29.3532,20.008,98.706755,262,65535,65535
295,3895,26/09/2022 21:10:38341000,38.5032,25.0344,29.4508,19.9592,99.632475,261,65535,65535
296,3896,26/09/2022 21:10:39355000,38.5276,25.2296,29.5728,19.9104,98.706755,261,65535,65535
297,3897,26/09/2022 21:10:40337800,38.5032,25.2052,29.768,19.8616,98.706755,260,65535,65535
298,3898,26/09/2022 21:10:41351800,38.5276,25.5712,29.9876,19.9104,99.632475,261,65535,65535
299,3899,26/09/2022 21:10:42365800,38.5276,25.62,30.0608,19.886,99.632475,262,65535,65535
300,3900,26/09/2022 21:10:43348600,38.552,25.9372,30.3536,19.9104,99.632475,262,65535,65535
301,3901,26/09/2022 21:10:44331400,38.552,25.986,30.4512,19.9104,99.632475,262,65535,65535
302,3902,26/09/2022 21:10:45345400,38.552,25.9372,30.4512,19.9104,99.632475,262,65535,65535
303,3903,26/09/2022 21:10:46359400,38.552,25.9372,30.622,19.9592,98.706755,262,65535,65535
304,3904,26/09/2022 21:10:47357800,38.6496,25.986,30.8416,19.9592,99.632475,261,65535,65535
305,3905,26/09/2022 21:10:48340600,38.674,26.4496,30.8416,19.886,97.781035,261,65535,65535
306,3906,26/09/2022 21:10:49339000,38.7716,26.3032,30.988,19.9104,100.558195,265,65535,65535
307,3907,26/09/2022 21:10:50353000,38.7472,26.108,30.988,19.9104,99.632475,264,65535,65535
308,3908,26/09/2022 21:10:51335800,38.8448,26.6448,31.11,19.886,97.781035,264,65535,65535
309,3909,26/09/2022 21:10:52334200,38.8448,26.4496,31.1832,19.9104,103.335355,264,65535,65535
310,3910,26/09/2022 21:10:53348200,38.8692,26.9376,31.232,19.886,98.706755,264,65535,65535
311,3911,26/09/2022 21:10:54346600,38.8448,27.3036,31.2808,19.9104,98.706755,264,65535,65535
312,3912,26/09/2022 21:10:55345000,38.8692,27.572,31.3052,19.9104,95.929595,264,65535,65535
313,3913,26/09/2022 21:10:56374600,38.9912,27.2792,31.4272,19.9104,98.706755,264,65535,65535
314,3914,26/09/2022 21:10:57373000,39.0156,27.206,31.4516,19.9104,95.929595,264,65535,65535
315,3915,26/09/2022 21:10:58340200,39.0156,27.1084,31.476,19.9104,99.632475,264,65535,65535
316,3916,26/09/2022 21:10:59323000,38.9668,27.0596,31.5736,19.8616,98.706755,264,65535,65535
317,3917,26/09/2022 21:11:00337000,39.1376,26.8156,31.6224,19.9104,98.706755,262,65535,65535
318,3918,26/09/2022 21:11:01351000,39.0156,27.1816,31.6468,19.9104,98.706755,262,65535,65535
319,3919,26/09/2022 21:11:07513000,39.1376,28.8652,32.0616,19.9104,116.295435,266,65535,65535
320,3920,26/09/2022 21:11:08542600,39.2108,29.2556,32.1104,19.9104,120.924035,266,65535,65535
321,3921,26/09/2022 21:11:09525400,39.2108,29.3776,32.1348,19.9104,120.924035,265,65535,65535
322,3922,26/09/2022 21:11:10508200,39.1376,29.6948,32.3544,19.8616,119.998315,266,65535,65535
323,3923,26/09/2022 21:11:11506600,39.1132,30.134,32.4764,19.8372,118.146875,265,65535,65535
324,3924,26/09/2022 21:11:12520600,39.1376,30.1584,32.4764,19.886,122.775475,265,65535,65535
325,3925,26/09/2022 21:11:13519000,39.2352,30.1584,32.574,19.7884,122.775475,264,65535,65535
326,3926,26/09/2022 21:11:14517400,39.2596,30.1828,32.6472,19.9104,122.775475,262,65535,65535
327,3927,26/09/2022 21:11:15531400,39.2596,30.3292,32.7448,19.9592,122.775475,261,65535,65535
328,3928,26/09/2022 21:11:16514200,39.2108,30.378,32.7448,19.9592,121.849755,262,65535,65535
329,3929,26/09/2022 21:11:17528200,39.2108,30.378,32.94,19.9104,122.775475,261,65535,65535
330,3930,26/09/2022 21:11:18526600,39.2108,30.3292,32.8668,19.8616,122.775475,262,65535,65535
331,3931,26/09/2022 21:11:19525000,39.162,30.1828,33.062,19.8616,122.775475,264,65535,65535
332,3932,26/09/2022 21:11:20523400,39.2108,30.1828,33.062,19.8616,121.849755,265,65535,65535
333,3933,26/09/2022 21:11:21506200,39.162,30.378,33.062,19.7884,120.924035,269,65535,65535
334,3934,26/09/2022 21:11:22535800,39.1376,30.5488,33.062,19.8616,121.849755,265,65535,65535
335,3935,26/09/2022 21:11:28526200,39.1376,30.8904,33.4036,19.7396,133.884115,264,65535,65535
336,3936,26/09/2022 21:11:29540200,39.0888,30.6708,33.4036,19.8616,133.884115,262,65535,65535
337,3937,26/09/2022 21:11:30554200,39.1376,30.622,33.428,19.8616,133.884115,264,65535,65535
338,3938,26/09/2022 21:11:31537000,39.162,30.7196,33.5256,19.886,133.884115,264,65535,65535
339,3939,26/09/2022 21:11:32551000,39.2108,30.988,33.5256,19.8616,132.032675,264,65535,65535
340,3940,26/09/2022 21:11:33549400,39.1376,31.2808,33.6476,19.8616,133.884115,265,65535,65535
341,3941,26/09/2022 21:11:34547800,39.162,31.2808,33.6476,19.8616,134.809835,262,65535,65535
342,3942,26/09/2022 21:11:35546200,39.2108,31.1588,33.6476,19.886,134.809835,262,65535,65535
343,3943,26/09/2022 21:11:36544600,39.2596,31.0124,33.7452,19.8372,133.884115,262,65535,65535
344,3944,26/09/2022 21:11:37527400,39.2108,30.6708,33.6964,19.8372,133.884115,261,65535,65535
345,3945,26/09/2022 21:11:38541400,39.2352,31.2564,33.7696,19.8616,132.032675,261,65535,65535
346,3946,26/09/2022 21:11:39539800,39.3572,31.354,33.7696,19.8616,133.884115,262,65535,65535
347,3947,26/09/2022 21:11:40553800,39.3816,31.3784,33.8672,19.8616,133.884115,265,65535,65535
348,3948,26/09/2022 21:11:41536600,39.3816,31.6224,33.8672,19.8616,133.884115,264,65535,65535
349,3949,26/09/2022 21:11:42550600,39.3572,31.476,33.8916,19.7884,133.884115,265,65535,65535
350,3950,26/09/2022 21:11:43549000,39.3572,31.5492,33.8184,19.886,131.106955,264,65535,65535
351,3951,26/09/2022 21:11:44531800,39.2352,31.5004,33.916,19.886,133.884115,261,65535,65535
352,3952,26/09/2022 21:11:45545800,39.3572,31.354,33.8916,19.8616,133.884115,262,65535,65535
353,3953,26/09/2022 21:11:46544200,39.3816,31.6956,33.9404,19.8616,134.809835,266,65535,65535
354,3954,26/09/2022 21:11:47542600,39.4304,31.476,34.038,19.764,135.735555,267,65535,65535
355,3955,26/09/2022 21:11:48541000,39.3816,31.476,34.0136,19.7396,134.809835,266,65535,65535
356,3956,26/09/2022 21:11:49555000,39.3328,31.5492,34.038,19.764,133.884115,266,65535,65535
357,3957,26/09/2022 21:11:50537800,39.3816,31.6712,33.9404,19.8616,133.884115,262,65535,65535
358,3958,26/09/2022 21:11:51536200,39.3816,31.964,34.038,19.8616,133.884115,264,65535,65535
359,3959,26/09/2022 21:11:52534600,39.3816,31.842,34.1112,19.8616,132.032675,265,65535,65535
360,3960,26/09/2022 21:11:53548600,39.3816,32.0372,34.0136,19.7884,133.884115,265,65535,65535
361,3961,26/09/2022 21:11:54547000,39.4792,31.9396,34.1112,19.8616,133.884115,265,65535,65535
362,3962,26/09/2022 21:11:55545400,39.5524,31.6224,34.1356,19.8616,130.181235,265,65535,65535
363,3963,26/09/2022 21:11:56543800,39.4792,31.7444,34.1844,19.7884,132.032675,264,65535,65535
364,3964,26/09/2022 21:11:57542200,39.5036,31.8664,34.2332,19.886,131.106955,264,65535,65535
365,3965,26/09/2022 21:11:58540600,39.5036,31.964,34.2332,19.8616,134.809835,264,65535,65535
366,3966,26/09/2022 21:11:59554600,39.4792,31.72,34.282,19.8616,132.032675,264,65535,65535
367,3967,26/09/2022 21:12:00537400,39.4792,31.476,34.2576,19.764,134.809835,265,65535,65535
368,3968,26/09/2022 21:12:01535800,39.4792,31.5736,34.2332,19.8616,133.884115,265,65535,65535
369,3969,26/09/2022 21:12:02534200,39.5036,31.6712,34.2576,19.8616,134.809835,265,65535,65535
370,3970,26/09/2022 21:12:03532600,39.4792,31.4516,34.2576,19.886,135.735555,265,65535,65535
371,3971,26/09/2022 21:12:04531000,39.4792,31.2808,34.3064,19.7396,134.809835,265,65535,65535
372,3972,26/09/2022 21:12:05545000,39.4792,31.5492,34.2576,19.764,135.735555,261,65535,65535
373,3973,26/09/2022 21:12:06543400,39.5036,31.72,34.2576,19.7884,134.809835,264,65535,65535
374,3974,26/09/2022 21:12:07541800,39.4792,31.4028,34.282,19.764,133.884115,262,65535,65535
375,3975,26/09/2022 21:12:08555800,39.5036,31.232,34.282,19.7396,132.032675,262,65535,65535
376,3976,26/09/2022 21:12:09538600,39.4792,31.354,34.282,19.764,132.032675,261,65535,65535
377,3977,26/09/2022 21:12:10552600,39.5036,31.3296,34.2576,19.8616,134.809835,260,65535,65535
378,3978,26/09/2022 21:12:11535400,39.4304,31.4516,34.3796,19.764,131.106955,261,65535,65535
379,3979,26/09/2022 21:12:12549400,39.5036,31.72,34.3064,19.7884,132.032675,262,65535,65535
380,3980,26/09/2022 21:12:18539800,39.4792,31.842,34.404,19.8616,155.175675,261,65535,65535
381,3981,26/09/2022 21:12:19553800,39.5036,31.9152,34.404,19.7396,157.027115,261,65535,65535
382,3982,26/09/2022 21:12:20552200,39.5036,32.0372,34.5748,19.764,153.324235,262,65535,65535
383,3983,26/09/2022 21:12:21566200,39.5036,32.3056,34.5748,19.8616,155.175675,259,65535,65535
384,3984,26/09/2022 21:12:22549000,39.5036,32.1592,34.526,19.8616,155.175675,260,65535,65535
385,3985,26/09/2022 21:12:23547400,39.4792,32.0372,34.5992,19.7396,157.952835,260,65535,65535
386,3986,26/09/2022 21:12:24561400,39.4792,32.3788,34.6968,19.764,155.175675,260,65535,65535
387,3987,26/09/2022 21:12:25559800,39.5036,32.5252,34.6968,19.7396,154.249955,260,65535,65535
388,3988,26/09/2022 21:12:26558200,39.4792,32.5008,34.6968,19.8616,152.398515,262,65535,65535
389,3989,26/09/2022 21:12:27556600,39.5036,32.1836,34.7456,19.8616,155.175675,264,65535,65535
390,3990,26/09/2022 21:12:28555000,39.5036,32.33,34.7212,19.7396,155.175675,265,65535,65535
391,3991,26/09/2022 21:12:29553400,39.4792,32.6228,34.8676,19.886,157.027115,264,65535,65535
392,3992,26/09/2022 21:12:30551800,39.5036,32.5496,34.9408,19.764,158.878555,264,65535,65535
393,3993,26/09/2022 21:12:31565800,39.5036,32.574,34.892,19.7396,159.804275,264,65535,65535
394,3994,26/09/2022 21:12:32548600,39.4792,32.6472,34.9408,19.764,159.804275,262,65535,65535
395,3995,26/09/2022 21:12:33562600,39.4792,32.574,35.014,19.7396,158.878555,262,65535,65535
396,3996,26/09/2022 21:12:34561000,39.5036,32.4276,34.9896,19.7396,155.175675,260,65535,65535
397,3997,26/09/2022 21:12:35559400,39.3816,32.33,34.9408,19.8616,155.175675,260,65535,65535
398,3998,26/09/2022 21:12:36573400,39.4792,32.5252,34.9896,19.886,155.175675,260,65535,65535
399,3999,26/09/2022 21:12:37571800,39.3816,32.574,35.014,19.7884,155.175675,259,65535,65535
400,4000,26/09/2022 21:12:38554600,39.4304,32.6472,34.9896,19.7884,154.249955,259,65535,65535
401,4001,26/09/2022 21:12:39553000,39.5036,32.696,34.9896,19.764,157.027115,259,65535,65535
402,4002,26/09/2022 21:12:40567000,39.3816,32.7448,35.014,19.764,155.175675,257,65535,65535
403,4003,26/09/2022 21:12:41565400,39.4792,32.696,34.9896,19.8616,155.175675,259,65535,65535
404,4004,26/09/2022 21:12:42548200,39.4304,32.6472,35.014,19.7396,157.027115,259,65535,65535
405,4005,26/09/2022 21:12:43562200,39.5036,32.0372,35.014,19.886,155.175675,259,65535,65535
406,4006,26/09/2022 21:12:44560600,39.5036,32.33,34.9896,19.7396,157.027115,260,65535,65535
407,4007,26/09/2022 21:12:45574600,39.5036,32.33,35.014,19.764,157.027115,261,65535,65535
408,4008,26/09/2022 21:12:46557400,39.5036,32.5008,34.9896,19.7396,157.027115,261,65535,65535
409,4009,26/09/2022 21:12:47555800,39.3572,32.33,35.0628,19.7396,155.175675,261,65535,65535
410,4010,26/09/2022 21:12:48538600,39.3816,32.6472,35.0628,19.764,157.027115,260,65535,65535
411,4011,26/09/2022 21:12:49552600,39.3572,32.4276,35.0628,19.764,157.027115,262,65535,65535
412,4012,26/09/2022 21:12:50551000,39.5036,32.0616,34.9896,19.764,158.878555,261,65535,65535
413,4013,26/09/2022 21:12:51643000,39.3816,32.3788,34.9896,19.7396,157.952835,260,65535,65535
414,4014,26/09/2022 21:12:52563400,39.3816,32.6472,35.014,19.8616,157.952835,259,65535,65535
415,4015,26/09/2022 21:12:53608600,39.4792,32.6228,35.0872,19.7396,155.175675,260,65535,65535
416,4016,26/09/2022 21:12:54544600,39.5524,32.696,35.0628,19.7396,157.027115,260,65535,65535
417,4017,26/09/2022 21:12:55558600,39.4792,32.7936,35.0628,19.764,155.175675,260,65535,65535
418,4018,26/09/2022 21:12:56557000,39.3816,32.6716,35.0628,19.8616,155.175675,261,65535,65535
419,4019,26/09/2022 21:13:02547400,39.4792,31.9396,35.0872,19.6664,176.467235,265,65535,65535
420,4020,26/09/2022 21:13:03561400,39.5036,32.208,35.0628,19.6908,175.541515,265,65535,65535
421,4021,26/09/2022 21:13:04575400,39.5768,32.5252,35.2092,19.764,177.392955,265,65535,65535
422,4022,26/09/2022 21:13:05558200,39.5524,32.574,35.2092,19.7884,177.392955,265,65535,65535
423,4023,26/09/2022 21:13:06572200,39.4792,32.5252,35.2092,19.8616,177.392955,264,65535,65535
424,4024,26/09/2022 21:13:07555000,39.5036,32.6472,35.2092,19.764,175.541515,264,65535,65535
425,4025,26/09/2022 21:13:08553400,39.5036,32.7936,35.3312,19.7396,173.690075,265,65535,65535
426,4026,26/09/2022 21:13:09567400,39.5036,32.6716,35.3312,19.764,173.690075,264,65535,65535
427,4027,26/09/2022 21:13:10565800,39.4792,32.6472,35.2092,19.764,173.690075,260,65535,65535
428,4028,26/09/2022 21:13:11548600,39.5036,32.6472,35.3312,19.886,173.690075,262,65535,65535
429,4029,26/09/2022 21:13:12562600,39.5036,32.5252,35.3556,19.7396,176.467235,261,65535,65535
430,4030,26/09/2022 21:13:13576600,39.5036,32.6228,35.3556,19.7396,171.838635,264,65535,65535
431,4031,26/09/2022 21:13:14559400,39.4792,32.7692,35.4044,19.7396,173.690075,264,65535,65535
432,4032,26/09/2022 21:13:15573400,39.5524,32.7936,35.4044,19.7884,175.541515,264,65535,65535
433,4033,26/09/2022 21:13:16571800,39.5768,33.0132,35.3312,19.764,175.541515,265,65535,65535
434,4034,26/09/2022 21:13:17554600,39.4548,32.7936,35.4044,19.764,176.467235,264,65535,65535
435,4035,26/09/2022 21:13:18568600,39.5036,32.9156,35.4044,19.8616,176.467235,264,65535,65535
436,4036,26/09/2022 21:13:19567000,39.5524,32.7448,35.5264,19.764,175.541515,264,65535,65535
437,4037,26/09/2022 21:13:20565400,39.5036,32.7692,35.5752,19.8372,175.541515,264,65535,65535
438,4038,26/09/2022 21:13:21563800,39.4548,32.9156,35.5264,19.764,173.690075,264,65535,65535
439,4039,26/09/2022 21:13:22562200,39.5036,32.6472,35.5264,19.764,176.467235,265,65535,65535
440,4040,26/09/2022 21:13:23576200,39.5524,32.574,35.5264,19.764,176.467235,265,65535,65535
441,4041,26/09/2022 21:13:24574600,39.5036,32.7936,35.5264,19.8616,175.541515,264,65535,65535
442,4042,26/09/2022 21:13:25557400,39.5768,32.8668,35.6728,19.7884,176.467235,262,65535,65535
443,4043,26/09/2022 21:13:26571400,39.5524,32.94,35.5508,19.764,173.690075,261,65535,65535
444,4044,26/09/2022 21:13:27569800,39.5768,32.94,35.5996,19.764,173.690075,262,65535,65535
445,4045,26/09/2022 21:13:28568200,39.5036,32.6716,35.5752,19.764,175.541515,262,65535,65535
446,4046,26/09/2022 21:13:29566600,39.4548,32.9156,35.5752,19.7884,177.392955,262,65535,65535
447,4047,26/09/2022 21:13:35619400,39.5524,32.9156,35.5752,19.764,182.021555,264,65535,65535
448,4048,26/09/2022 21:13:36633400,39.5524,32.7936,35.6728,19.6908,182.021555,265,65535,65535
449,4049,26/09/2022 21:13:37663000,39.5036,32.6472,35.5508,19.7884,181.095835,266,65535,65535
450,4050,26/09/2022 21:13:38630200,39.5036,32.9156,35.5752,19.764,180.170115,265,65535,65535
451,4051,26/09/2022 21:13:39675400,39.5524,32.5008,35.5752,19.764,180.170115,262,65535,65535
452,4052,26/09/2022 21:13:40642600,39.5524,32.7692,35.5752,19.6908,180.170115,262,65535,65535
453,4053,26/09/2022 21:13:41656600,39.5036,32.7936,35.6484,19.764,176.467235,262,65535,65535
454,4054,26/09/2022 21:13:42639400,39.4792,32.818,35.5752,19.764,178.318675,261,65535,65535
455,4055,26/09/2022 21:13:43606600,39.5036,32.7936,35.5752,19.7884,180.170115,262,65535,65535
456,4056,26/09/2022 21:13:44636200,39.5036,32.696,35.6728,19.764,182.021555,264,65535,65535
457,4057,26/09/2022 21:13:45650200,39.5036,32.7936,35.6728,19.7396,182.947275,264,65535,65535
458,4058,26/09/2022 21:13:46633000,39.4792,32.9156,35.6484,19.6908,184.798715,264,65535,65535
459,4059,26/09/2022 21:13:47647000,39.4792,33.1108,35.6728,19.7396,181.095835,262,65535,65535
460,4060,26/09/2022 21:13:48645400,39.5524,33.1596,35.6484,19.7396,180.170115,264,65535,65535
461,4061,26/09/2022 21:13:49643800,39.5036,32.9888,35.6484,19.6664,182.021555,264,65535,65535
462,4062,26/09/2022 21:13:50642200,39.5524,32.818,35.6484,19.7396,182.021555,265,65535,65535
463,4063,26/09/2022 21:13:51640600,39.5036,32.7936,35.6484,19.764,182.021555,265,65535,65535
464,4064,26/09/2022 21:13:52639000,39.4792,32.6716,35.6484,19.7884,184.798715,267,65535,65535
465,4065,26/09/2022 21:13:53637400,39.5036,32.5496,35.6484,19.7396,182.947275,266,65535,65535
466,4066,26/09/2022 21:13:54651400,39.5036,32.5008,35.6484,19.764,182.021555,264,65535,65535
467,4067,26/09/2022 21:13:55634200,39.4548,32.696,35.6484,19.6908,182.021555,265,65535,65535
468,4068,26/09/2022 21:13:56648200,39.4792,32.6228,35.6484,19.764,182.947275,261,65535,65535
469,4069,26/09/2022 21:14:02638600,39.5768,32.574,35.7216,19.764,192.204475,261,65535,65535
470,4070,26/09/2022 21:14:03652600,39.5768,32.4276,35.7216,19.7396,194.981635,260,65535,65535
471,4071,26/09/2022 21:14:04651000,39.5524,32.3788,35.7704,19.764,194.055915,261,65535,65535
472,4072,26/09/2022 21:14:05649400,39.5036,32.7936,35.8192,19.764,194.055915,261,65535,65535
473,4073,26/09/2022 21:14:06663400,39.5036,33.1108,35.8192,19.764,194.055915,264,65535,65535
474,4074,26/09/2022 21:14:07661800,39.5036,32.94,35.8924,19.7396,194.981635,262,65535,65535
475,4075,26/09/2022 21:14:08675800,39.5524,32.8912,35.8924,19.764,194.055915,262,65535,65535
476,4076,26/09/2022 21:14:09658600,39.4792,32.94,35.8924,19.764,194.981635,260,65535,65535
477,4077,26/09/2022 21:14:10657000,39.5524,32.7936,35.9168,19.764,194.055915,259,65535,65535
478,4078,26/09/2022 21:14:11671000,39.5768,32.9156,35.99,19.764,192.204475,260,65535,65535
479,4079,26/09/2022 21:14:12653800,39.5768,33.2816,36.0144,19.764,194.981635,260,65535,65535
480,4080,26/09/2022 21:14:13667800,39.5768,33.4768,35.99,19.7884,191.278755,260,65535,65535
481,4081,26/09/2022 21:14:14650600,39.6744,33.4768,35.99,19.7396,192.204475,262,65535,65535
482,4082,26/09/2022 21:14:15649000,39.5768,33.2572,35.99,19.764,195.907355,261,65535,65535
483,4083,26/09/2022 21:14:16663000,39.5768,33.0132,35.99,19.7396,196.833075,261,65535,65535
484,4084,26/09/2022 21:14:17677000,39.5768,32.7936,35.9168,19.764,195.907355,262,65535,65535
485,4085,26/09/2022 21:14:18675400,39.5768,32.7936,35.99,19.764,195.907355,262,65535,65535
486,4086,26/09/2022 21:14:19673800,39.6012,32.9156,35.9168,19.7396,195.907355,260,65535,65535
487,4087,26/09/2022 21:14:20656600,39.5768,33.0132,36.0388,19.764,196.833075,262,65535,65535
488,4088,26/09/2022 21:14:21655000,39.6012,33.0132,36.0388,19.764,195.907355,262,65535,65535
489,4089,26/09/2022 21:14:27848200,39.5768,32.2324,36.112,19.764,217.198915,261,65535,65535
490,4090,26/09/2022 21:14:28877800,39.5768,32.208,36.1364,19.7396,218.124635,262,65535,65535
491,4091,26/09/2022 21:14:29860600,39.6012,32.1836,36.1364,19.764,218.124635,264,65535,65535
492,4092,26/09/2022 21:14:30890200,39.5524,32.5252,36.1608,19.764,215.347475,264,65535,65535
493,4093,26/09/2022 21:14:31873000,39.6256,32.696,36.1852,19.764,218.124635,264,65535,65535
494,4094,26/09/2022 21:14:32871400,39.5768,32.5252,36.1608,19.764,219.050355,264,65535,65535
495,4095,26/09/2022 21:14:33885400,39.6012,32.7936,36.2828,19.7884,221.827515,264,65535,65535
496,4096,26/09/2022 21:14:34868200,39.5768,32.7936,36.1852,19.7396,219.976075,262,65535,65535
497,4097,26/09/2022 21:14:35866600,39.6012,32.9156,36.2828,19.7396,219.976075,262,65535,65535
498,4098,26/09/2022 21:14:36880600,39.5524,32.574,36.3072,19.764,219.050355,261,65535,65535
499,4099,26/09/2022 21:14:37894600,39.5768,32.6228,36.356,19.7396,219.050355,261,65535,65535
500,4100,26/09/2022 21:14:38893000,39.6012,32.696,36.234,19.764,218.124635,261,65535,65535
501,4101,26/09/2022 21:14:39875800,39.6988,32.7936,36.2828,19.7396,218.124635,264,65535,65535
502,4102,26/09/2022 21:14:40889800,39.5036,32.696,36.356,19.7396,217.198915,264,65535,65535
503,4103,26/09/2022 21:14:41872600,39.7232,32.5496,36.356,19.7884,218.124635,260,65535,65535
504,4104,26/09/2022 21:14:42871000,39.6744,32.574,36.3072,19.764,219.050355,261,65535,65535
505,4105,26/09/2022 21:14:43869400,39.5524,32.8912,36.3804,19.764,218.124635,262,65535,65535
506,4106,26/09/2022 21:14:44899000,39.5524,32.9156,36.3804,19.7396,219.976075,261,65535,65535
507,4107,26/09/2022 21:14:45881800,39.5768,32.94,36.3804,19.764,219.976075,261,65535,65535
508,4108,26/09/2022 21:14:46880200,39.5768,32.94,36.3804,19.6908,219.050355,265,65535,65535
509,4109,26/09/2022 21:14:47878600,39.5768,32.696,36.3804,19.764,215.347475,265,65535,65535
510,4110,26/09/2022 21:14:48892600,39.5768,33.1596,36.5024,19.7884,219.976075,262,65535,65535
511,4111,26/09/2022 21:14:49891000,39.6256,32.9156,36.5024,19.8616,221.827515,262,65535,65535
512,4112,26/09/2022 21:14:50873800,39.6256,32.7448,36.3804,19.886,219.976075,260,65535,65535
513,4113,26/09/2022 21:14:51950200,39.6988,32.7936,36.3804,19.6908,219.050355,262,65535,65535
514,4114,26/09/2022 21:14:52901800,39.7232,32.7936,36.5024,19.7884,218.124635,265,65535,65535
515,4115,26/09/2022 21:14:53884600,39.6988,32.6472,36.5024,19.7396,219.050355,267,65535,65535
516,4116,26/09/2022 21:14:54929800,39.6744,32.696,36.5268,19.7884,221.827515,264,65535,65535
517,4117,26/09/2022 21:14:55865800,39.6988,32.7936,36.3804,19.7884,219.050355,265,65535,65535
518,4118,26/09/2022 21:14:56879800,39.7232,33.2572,36.4048,19.764,218.124635,264,65535,65535
519,4119,26/09/2022 21:14:57878200,39.6988,33.062,36.4048,19.8616,219.050355,265,65535,65535
520,4120,26/09/2022 21:14:58907800,39.7232,33.1108,36.5024,19.7884,222.753235,264,65535,65535
521,4121,26/09/2022 21:14:59906200,39.6988,32.7936,36.478,19.7396,219.976075,265,65535,65535
522,4122,26/09/2022 21:15:00873400,39.6744,32.696,36.5024,19.7884,219.976075,266,65535,65535
523,4123,26/09/2022 21:15:01871800,39.5524,32.7936,36.4048,19.764,219.976075,266,65535,65535
524,4124,26/09/2022 21:15:02870200,39.6744,32.7936,36.5024,19.6908,219.050355,265,65535,65535
525,4125,26/09/2022 21:15:03868600,39.6744,32.9156,36.5024,19.6908,219.976075,265,65535,65535
526,4126,26/09/2022 21:15:04882600,39.5524,33.0376,36.5024,19.6664,219.050355,264,65535,65535
527,4127,26/09/2022 21:15:05896600,39.5768,32.94,36.478,19.764,217.198915,265,65535,65535
528,4128,26/09/2022 21:15:06895000,39.6256,32.696,36.5024,19.764,217.198915,266,65535,65535
529,4129,26/09/2022 21:15:07877800,39.6744,32.574,36.3804,19.6908,219.050355,266,65535,65535
530,4130,26/09/2022 21:15:08876200,39.6012,32.8668,36.3804,19.764,217.198915,266,65535,65535
531,4131,26/09/2022 21:15:09874600,39.6744,32.9156,36.5024,19.7396,218.124635,266,65535,65535
532,4132,26/09/2022 21:15:10873000,39.6744,32.6472,36.5024,19.764,219.976075,267,65535,65535
533,4133,26/09/2022 21:15:11887000,39.6744,32.9156,36.5268,19.764,221.827515,266,65535,65535
534,4134,26/09/2022 21:15:12885400,39.6256,32.818,36.5024,19.764,219.976075,266,65535,65535
535,4135,26/09/2022 21:15:13883800,39.6744,32.818,36.5024,19.7396,219.050355,266,65535,65535
536,4136,26/09/2022 21:15:14882200,39.6988,32.818,36.478,19.7396,219.050355,267,65535,65535
537,4137,26/09/2022 21:15:15880600,39.6744,32.818,36.5024,19.764,217.198915,267,65535,65535
538,4138,26/09/2022 21:15:16863400,39.6012,32.7936,36.5024,19.8616,219.976075,269,65535,65535
539,4139,26/09/2022 21:15:17861800,39.6256,32.94,36.4292,19.7396,217.198915,274,65535,65535
540,4140,26/09/2022 21:15:18875800,39.6744,32.574,36.5024,19.7396,219.050355,399,65535,65535
541,4141,26/09/2022 21:15:19889800,39.6744,32.574,36.356,19.764,219.050355,510,65535,65535
542,4142,26/09/2022 21:15:20888200,39.5768,32.4276,35.7216,19.9104,217.198915,589,65535,65535
543,4143,26/09/2022 21:15:21886600,39.5768,31.9396,35.0628,19.8616,219.050355,629,65535,65535
544,4144,26/09/2022 21:15:22869400,39.5768,31.6712,34.3796,19.8616,217.198915,649,65535,65535
545,4145,26/09/2022 21:15:23867800,39.6256,31.2076,33.8672,19.886,218.124635,663,65535,65535
546,4146,26/09/2022 21:15:24881800,39.7232,31.1344,33.4036,19.764,217.198915,667,65535,65535
547,4147,26/09/2022 21:15:25880200,39.6256,30.866,33.062,19.7396,214.421755,664,65535,65535
548,4148,26/09/2022 21:15:26894200,39.6744,30.6464,32.7692,19.7884,217.198915,663,65535,65535
549,4149,26/09/2022 21:15:27892600,39.6256,30.6708,32.5984,19.8616,217.198915,661,65535,65535
550,4150,26/09/2022 21:15:28875400,39.6988,30.7928,32.4032,19.764,219.050355,665,65535,65535
551,4151,26/09/2022 21:15:29889400,39.7476,30.622,32.2324,19.8616,221.827515,670,65535,65535
552,4152,26/09/2022 21:15:30872200,39.6988,30.0364,32.0128,19.7884,221.827515,669,65535,65535
553,4153,26/09/2022 21:15:31870600,39.7476,30.0364,31.9884,19.764,221.827515,667,65535,65535
554,4154,26/09/2022 21:15:32869000,39.6988,29.6948,31.8908,19.764,219.976075,668,65535,65535
555,4155,26/09/2022 21:15:33898600,39.8452,29.5484,31.7932,19.7884,219.050355,664,65535,65535
556,4156,26/09/2022 21:15:34897000,39.7964,29.4996,31.6224,19.764,217.198915,663,65535,65535
557,4157,26/09/2022 21:15:35864200,39.7964,29.5728,31.6224,19.8372,215.347475,661,65535,65535
558,4158,26/09/2022 21:15:36862600,39.8208,29.6216,31.6468,19.8616,214.421755,664,65535,65535
559,4159,26/09/2022 21:15:37876600,39.6988,29.7436,31.5492,19.886,215.347475,667,65535,65535
560,4160,26/09/2022 21:15:38890600,39.7964,29.6948,31.5492,19.8616,217.198915,665,65535,65535
561,4161,26/09/2022 21:15:39873400,39.8208,29.89,31.5736,19.7884,217.198915,660,65535,65535
562,4162,26/09/2022 21:15:40887400,39.6744,30.012,31.476,19.8616,217.198915,663,65535,65535
563,4163,26/09/2022 21:15:41901400,39.7964,29.6704,31.4272,19.764,218.124635,667,65535,65535
564,4164,26/09/2022 21:15:42884200,39.7964,29.8168,31.4028,19.764,218.124635,668,65535,65535
565,4165,26/09/2022 21:15:43898200,39.6988,29.7192,31.354,19.764,219.976075,669,65535,65535
566,4166,26/09/2022 21:15:44881000,39.7964,29.7192,31.4272,19.764,219.976075,670,65535,65535
567,4167,26/09/2022 21:15:45879400,39.6256,29.6704,31.4028,19.7396,218.124635,663,65535,65535
568,4168,26/09/2022 21:15:46877800,39.6012,29.7436,31.2808,19.764,218.124635,667,65535,65535
569,4169,26/09/2022 21:15:47891800,39.6256,29.89,31.3052,19.7884,218.124635,668,65535,65535
570,4170,26/09/2022 21:15:48890200,39.6744,30.012,31.3296,19.7396,219.976075,669,65535,65535
571,4171,26/09/2022 21:15:49873000,39.6744,29.9388,31.3052,19.7396,219.976075,667,65535,65535
572,4172,26/09/2022 21:15:50887000,39.6256,29.8168,31.3052,19.764,221.827515,665,65535,65535
573,4173,26/09/2022 21:15:51885400,39.6256,30.0364,31.232,19.6908,221.827515,664,65535,65535
574,4174,26/09/2022 21:15:52868200,39.6256,29.9632,31.232,19.764,219.976075,677,65535,65535
575,4175,26/09/2022 21:15:53882200,39.6744,29.89,31.232,19.7396,219.976075,733,65535,65535
576,4176,26/09/2022 21:15:54896200,39.6744,29.7436,31.1832,19.764,219.050355,785,65535,65535
577,4177,26/09/2022 21:15:55879000,39.6256,29.4996,30.8172,19.6908,219.976075,818,65535,65535
578,4178,26/09/2022 21:15:56877400,39.6744,29.1824,30.5976,19.764,219.050355,837,65535,65535
579,4179,26/09/2022 21:15:57891400,39.6012,29.0848,30.3536,19.764,219.976075,847,65535,65535
580,4180,26/09/2022 21:15:58874200,39.6256,29.0848,30.2804,19.764,219.050355,853,65535,65535
581,4181,26/09/2022 21:15:59872600,39.5768,28.7188,30.134,19.764,222.753235,855,65535,65535
582,4182,26/09/2022 21:16:00886600,39.6744,28.7188,30.1096,19.764,219.976075,855,65535,65535
583,4183,26/09/2022 21:16:01885000,39.6256,28.7676,29.9876,19.764,221.827515,855,65535,65535
584,4184,26/09/2022 21:16:02899000,39.5768,28.67,29.9876,19.764,219.976075,854,65535,65535
585,4185,26/09/2022 21:16:10730200,39.6256,28.0356,29.8168,19.8616,238.490475,855,65535,65535
586,4186,26/09/2022 21:16:11775400,39.6988,28.06,29.9388,19.7884,240.341915,857,65535,65535
587,4187,26/09/2022 21:16:12773800,39.6744,28.2308,29.9876,19.764,241.267635,855,65535,65535
588,4188,26/09/2022 21:16:13756600,39.6744,28.2796,29.9388,19.764,241.267635,854,65535,65535
589,4189,26/09/2022 21:16:14770600,39.6744,28.2308,30.012,19.8372,242.193355,857,65535,65535
590,4190,26/09/2022 21:16:15753400,39.5768,28.1088,29.9388,19.8616,242.193355,855,65535,65535
591,4191,26/09/2022 21:16:16767400,39.6744,28.0356,29.9876,19.8616,240.341915,858,65535,65535
592,4192,26/09/2022 21:16:17781400,39.6744,28.06,29.9876,19.764,240.341915,857,65535,65535
593,4193,26/09/2022 21:16:18779800,39.6988,28.2308,30.0608,19.764,241.267635,857,65535,65535
594,4194,26/09/2022 21:16:19762600,39.6256,28.5968,30.1096,19.8616,240.341915,852,65535,65535
595,4195,26/09/2022 21:16:20761000,39.5524,28.7188,30.1096,19.886,241.267635,852,65535,65535
596,4196,26/09/2022 21:16:21759400,39.5768,28.792,30.1096,19.8616,241.267635,848,65535,65535
597,4197,26/09/2022 21:16:22757800,39.5768,28.7188,30.1096,19.8616,242.193355,850,65535,65535
598,4198,26/09/2022 21:16:23756200,39.5524,28.7432,30.1096,19.886,241.267635,852,65535,65535
599,4199,26/09/2022 21:16:24770200,39.5768,28.7676,30.1096,19.886,241.267635,853,65535,65535